"","Value","converged","TOTAL","Catch","Equil_catch","Survey","Length_comp","Age_comp","Recruitment","InitEQ_Regime","Forecast_Recruitment","Parm_priors","Parm_softbounds","Parm_devs","Crash_Pen","max_grad"
"1",8.5,TRUE,2663.8,1.93745e-08,0,44.2273,576.836,2009.11,30.8434,0,0,2.77195,0.00601364,0,0,0.00172117
"11",9,TRUE,2641.15,2.45706e-09,0,35.275,572.245,2006.45,26.3208,5.2559e-31,0,0.860835,0.00590419,0,0,0.00126466
"3",9.5,TRUE,2627.15,3.9751e-10,0,28.9909,569.284,2004.54,24.1936,0,0,0.137057,0.00580707,0,0,0.000509357
"4",10,TRUE,2620.92,8.68592e-11,0,25.4151,568.587,2003.04,23.8616,0,0,0.00337508,0.0057368,0,0,0.000322963
"5",10.2399,TRUE,2620.26,4.24499e-11,0,24.5755,569.086,2002.35,24.1847,0,0,0.0527639,0.00571363,0,0,0.00158698
"6",10.5,TRUE,2620.95,1.92932e-11,0,24.253,570.204,2001.57,24.7539,0,0,0.156248,0.00569281,0,0,0.000759896
"7",11,TRUE,2625.28,4.37436e-12,0,25.2936,574.297,1999.35,25.9057,0,0,0.430274,0.00566649,0,0,0.0029655
"8",11.5,TRUE,2631.15,1.24565e-12,0,28.3319,580.565,1995.68,25.8889,0,0,0.685328,0.00563911,0,0,0.00197869
