"","Value","converged","TOTAL","Catch","Equil_catch","Survey","Length_comp","Age_comp","Recruitment","InitEQ_Regime","Forecast_Recruitment","Parm_priors","Parm_softbounds","Parm_devs","Crash_Pen","max_grad"
"1",9.25,TRUE,2597.22,2.76363e-10,0,25.6817,570.512,1971.01,29.9859,0,0,0.0270051,0.00576237,0,0,0.000458389
"2",9.5,TRUE,2592.95,1.5487e-10,0,24.3469,570.211,1970.62,27.7656,0,0,0.000274583,0.00573681,0,0,0.00186336
"3",9.75,TRUE,2590.16,8.76994e-11,0,23.3789,570.232,1970.19,26.3354,0,0,0.0152131,0.00571433,0,0,0.000606804
"4",10,TRUE,2588.76,4.93233e-11,0,22.7696,570.56,1969.77,25.5874,0,0,0.0657103,0.00569397,0,0,0.00041889
"5",10.1544,TRUE,2588.53,3.40544e-11,0,22.5728,570.961,1969.46,25.414,0,0,0.112219,0.00568303,0,0,0.00016383
"6",10.25,TRUE,2588.61,2.68674e-11,0,22.5199,571.294,1969.24,25.4002,1.52915e-31,0,0.146209,0.00567679,0,0,0.00229051
"7",10.5,TRUE,2589.58,1.40784e-11,0,22.6328,572.505,1968.55,25.6304,0,0,0.251767,0.00566333,0,0,0.00559004
"8",10.75,TRUE,2591.47,7.19043e-12,0,23.1214,574.275,1967.6,26.0909,1.22114e-31,0,0.377319,0.00565189,0,0,0.000432498
"9",11,TRUE,2594.04,3.70382e-12,0,24.0041,576.714,1966.26,26.5384,0,0,0.515813,0.0056417,0,0,0.00108897
