"","Value","converged","TOTAL","Catch","Equil_catch","Survey","Length_comp","Age_comp","Recruitment","InitEQ_Regime","Forecast_Recruitment","Parm_priors","Parm_softbounds","Parm_devs","Crash_Pen","max_grad"
"1",0.1,TRUE,2652.75,4.95967e-09,0,36.4251,572.21,2016.47,26.6629,0,0,0.978353,0.00319726,0,0,0.000475504
"2",0.12,TRUE,2641.59,1.21291e-09,0,32.0135,569.88,2014.58,24.7898,0,0,0.328608,0.00322506,0,0,0.000471032
"3",0.14,TRUE,2635.48,3.98292e-10,0,29.893,568.864,2012.8,23.8787,0,0,0.0491187,0.00326487,0,0,0.000248242
"4",0.16,TRUE,2633.15,1.48682e-10,0,29.2573,569.04,2011.38,23.4596,0,0,0.00688174,0.00331149,0,0,0.00167416
"5",0.165249,TRUE,2633.05,1.14865e-10,0,29.2721,569.289,2011.06,23.3976,1.89936e-31,0,0.0245191,0.00332617,0,0,0.00393863
"6",0.18,TRUE,2633.78,5.49043e-11,0,29.6305,570.424,2010.31,23.2876,0,0,0.123635,0.00337178,0,0,0.00408583
"7",0.2,TRUE,2636.84,1.98335e-11,0,30.7172,572.955,2009.59,23.2316,0,0,0.350398,0.00346119,0,0,0.000750105
