period,N_devs,SD_of_devs,Var_of_devs,mean_SE,mean_SEsquared,sqrt_sum_of_components,SD_of_devs_over_sigma_R,sqrt_sum_over_sigma_R,alternative_sigma_R
Main,57,0.914107949974264,0.835593344206152,0.375619807017544,0.168947907659246,1.00226805389846,0.914107949974264,1.00226805389846,1.00226805389846
Early+Main,57,0.914107949974264,0.835593344206152,0.375619807017544,0.168947907659246,1.00226805389846,0.914107949974264,1.00226805389846,1.00226805389846
Early+Main+Late,57,0.914107949974264,0.835593344206152,0.375619807017544,0.168947907659246,1.00226805389846,0.914107949974264,1.00226805389846,1.00226805389846
