"","Value","converged","TOTAL","Catch","Equil_catch","Survey","Length_comp","Age_comp","Recruitment","InitEQ_Regime","Forecast_Recruitment","Parm_priors","Parm_softbounds","Parm_devs","Crash_Pen","max_grad"
"1",9.5,TRUE,2638.2,8.14878e-10,0,30.541,569.843,2012.2,25.4902,0,0,0.116133,0.00333532,0,0,0.00194924
"2",9.75,TRUE,2634.39,3.2323e-10,0,29.3065,569.091,2011.76,24.2259,0,0,0.00838085,0.00333076,0,0,0.000653785
"3",10,TRUE,2633.07,1.29628e-10,0,29.2163,569.205,2011.16,23.4662,0,0,0.017032,0.00332645,0,0,0.00343742
"4",10.25,TRUE,2633.72,4.76908e-11,0,29.9858,570.272,2010.31,23.0503,1.61673e-31,0,0.105351,0.00332271,0,0,0.000545422
"5",10.5,TRUE,2635.82,1.65074e-11,0,31.3183,572.219,2009.19,22.8514,0,0,0.240497,0.00332142,0,0,0.000256307
"6",10.75,TRUE,2638.77,6.23615e-12,0,32.9067,574.874,2007.81,22.773,1.20596e-31,0,0.393242,0.0033221,0,0,0.00168856
