period,N_devs,SD_of_devs,Var_of_devs,mean_SE,mean_SEsquared,sqrt_sum_of_components,SD_of_devs_over_sigma_R,sqrt_sum_over_sigma_R,alternative_sigma_R
Main,57,0.931705726226278,0.868075560282835,0.36308801754386,0.156669504753105,1.01229692533166,0.931705726226278,1.01229692533166,1.01229692533166
Early+Main,57,0.931705726226278,0.868075560282835,0.36308801754386,0.156669504753105,1.01229692533166,0.931705726226278,1.01229692533166,1.01229692533166
Early+Main+Late,57,0.931705726226278,0.868075560282835,0.36308801754386,0.156669504753105,1.01229692533166,0.931705726226278,1.01229692533166,1.01229692533166
