"","Value","converged","TOTAL","Catch","Equil_catch","Survey","Length_comp","Age_comp","Recruitment","InitEQ_Regime","Forecast_Recruitment","Parm_priors","Parm_softbounds","Parm_devs","Crash_Pen","max_grad"
"1",8.5,TRUE,2642.18,2.09861e-08,0,44.3288,580.398,1983.1,31.5856,0,0,2.76759,0.00600776,0,0,0.0027088
"2",9,TRUE,2619.27,2.71756e-09,0,35.3952,575.698,1980.26,27.054,5.24865e-31,0,0.858066,0.00589805,0,0,0.00603787
"3",9.5,TRUE,2605.07,4.33203e-10,0,29.0626,572.63,1978.33,24.9107,0,0,0.136376,0.00579892,0,0,0.00823956
"4",10,TRUE,2598.69,9.49209e-11,0,25.413,571.821,1976.88,24.5706,0,0,0.0034041,0.00572506,0,0,0.000484807
"5",10.2476,TRUE,2597.98,4.61015e-11,0,24.5117,572.241,1976.25,24.9153,0,0,0.0553684,0.0056988,0,0,0.000117
"6",10.5,TRUE,2598.64,2.16957e-11,0,24.1593,573.254,1975.57,25.4946,0,0,0.156845,0.00567781,0,0,0.00152753
"7",11,TRUE,2603.02,4.8255e-12,0,25.0923,577.248,1973.48,26.764,0,0,0.433647,0.00565105,0,0,0.00477845
"8",11.5,TRUE,2609.13,1.31128e-12,0,28.1012,583.728,1969.72,26.8808,0,0,0.693862,0.00562588,0,0,0.000964082
