"","Value","converged","TOTAL","Catch","Equil_catch","Survey","Length_comp","Age_comp","Recruitment","InitEQ_Regime","Forecast_Recruitment","Parm_priors","Parm_softbounds","Parm_devs","Crash_Pen","max_grad"
"1",0.1,TRUE,2610.67,2.05503e-09,0,34.3329,574.19,1976.21,24.9529,0,0,0.978353,0.00582673,0,0,9.48472e-05
"2",0.125,FALSE,2598.41,4.42097e-10,0,28.3835,571.739,1973.55,24.4954,0,0,0.230524,0.00576326,0,0,0.0174949
"3",0.15,TRUE,2591.25,1.21038e-10,0,24.5913,570.601,1971.31,24.7381,0,0,0.00412876,0.00571416,0,0,0.00330863
"4",0.175,TRUE,2588.57,3.96218e-11,0,22.7078,570.822,1969.64,25.3133,0,0,0.0825761,0.00568573,0,0,0.000723888
"5",0.178691,TRUE,2588.53,3.40579e-11,0,22.5729,570.961,1969.46,25.414,0,0,0.112205,0.00568305,0,0,0.00261165
"6",0.2,TRUE,2589.93,1.48429e-11,0,22.4262,572.422,1968.68,26.0448,0,0,0.350398,0.00567872,0,0,0.000453417
"7",0.225,TRUE,2594.91,6.25234e-12,0,23.4397,575.553,1968.34,26.834,9.58875e-32,0,0.740643,0.00571756,0,0,0.00114611
"8",0.25,TRUE,2602.93,3.27316e-12,0,25.4963,579.899,1968.51,27.8108,0,0,1.21205,0.00653619,0,0,0.000475181
